Entity,Code,Year,number_undernourished
Afghanistan,AFG,2001,10400000
Afghanistan,AFG,2002,10300000
Afghanistan,AFG,2003,9600000
Afghanistan,AFG,2004,9400000
Afghanistan,AFG,2005,9300000
Afghanistan,AFG,2006,8800000
Afghanistan,AFG,2007,8100000
Afghanistan,AFG,2008,7300000
Afghanistan,AFG,2009,7100000
Afghanistan,AFG,2010,7000000
Afghanistan,AFG,2011,7500000
Afghanistan,AFG,2012,8500000
Afghanistan,AFG,2013,8600000
Afghanistan,AFG,2014,8800000
Afghanistan,AFG,2015,8900000
Afghanistan,AFG,2016,9700000
Afghanistan,AFG,2017,10500000
Africa,,2001,197700000
Africa,,2002,198900000
Africa,,2003,202000000
Africa,,2004,200100000
Africa,,2005,196500000
Africa,,2006,193100000
Africa,,2007,193900000
Africa,,2008,194900000
Africa,,2009,195300000
Africa,,2010,195200000
Africa,,2011,196200000
Africa,,2012,198200000
Africa,,2013,200800000
Africa,,2014,207100000
Africa,,2015,214700000
Africa,,2016,224500000
Africa,,2017,231200000
Albania,ALB,2001,200000
Albania,ALB,2002,200000
Albania,ALB,2003,200000
Albania,ALB,2004,300000
Albania,ALB,2005,300000
Albania,ALB,2006,300000
Albania,ALB,2007,300000
Albania,ALB,2008,200000
Albania,ALB,2009,200000
Albania,ALB,2010,100000
Albania,ALB,2011,100000
Albania,ALB,2012,100000
Albania,ALB,2013,100000
Albania,ALB,2014,100000
Albania,ALB,2015,100000
Albania,ALB,2016,100000
Albania,ALB,2017,100000
Algeria,DZA,2001,2500000
Algeria,DZA,2002,2400000
Algeria,DZA,2003,2300000
Algeria,DZA,2004,2300000
Algeria,DZA,2005,2200000
Algeria,DZA,2006,2200000
Algeria,DZA,2007,2000000
Algeria,DZA,2008,2000000
Algeria,DZA,2009,1800000
Algeria,DZA,2010,1600000
Algeria,DZA,2011,1400000
Algeria,DZA,2012,1300000
Algeria,DZA,2013,1300000
Algeria,DZA,2014,1300000
Algeria,DZA,2015,1300000
Algeria,DZA,2016,1300000
Algeria,DZA,2017,1300000
Angola,AGO,2001,11400000
Angola,AGO,2002,11100000
Angola,AGO,2003,10600000
Angola,AGO,2004,10300000
Angola,AGO,2005,10200000
Angola,AGO,2006,10000000
Angola,AGO,2007,9700000
Angola,AGO,2008,9300000
Angola,AGO,2009,9100000
Angola,AGO,2010,8900000
Angola,AGO,2011,9000000
Angola,AGO,2012,8900000
Angola,AGO,2013,7600000
Angola,AGO,2014,6200000
Angola,AGO,2015,5300000
Angola,AGO,2016,5600000
Angola,AGO,2017,5800000
Argentina,ARG,2001,1200000
Argentina,ARG,2002,1500000
Argentina,ARG,2003,1700000
Argentina,ARG,2004,1600000
Argentina,ARG,2005,1500000
Argentina,ARG,2006,1400000
Argentina,ARG,2007,1300000
Argentina,ARG,2008,1300000
Argentina,ARG,2009,1400000
Argentina,ARG,2010,1400000
Argentina,ARG,2011,1400000
Argentina,ARG,2012,1300000
Argentina,ARG,2013,1200000
Argentina,ARG,2015,1100000
Argentina,ARG,2016,1300000
Argentina,ARG,2017,1500000
Armenia,ARM,2001,800000
Armenia,ARM,2002,700000
Armenia,ARM,2003,600000
Armenia,ARM,2004,500000
Armenia,ARM,2005,400000
Armenia,ARM,2006,300000
Armenia,ARM,2007,200000
Armenia,ARM,2008,200000
Armenia,ARM,2009,100000
Armenia,ARM,2010,100000
Armenia,ARM,2011,100000
Armenia,ARM,2012,100000
Armenia,ARM,2013,<0.1
Armenia,ARM,2014,<0.1
Armenia,ARM,2015,<0.1
Armenia,ARM,2016,<0.1
Armenia,ARM,2017,<0.1
Asia,,2001,564500000
Asia,,2002,579200000
Asia,,2003,586400000
Asia,,2004,579200000
Asia,,2005,564500000
Asia,,2006,530500000
Asia,,2007,491700000
Asia,,2008,465000000
Asia,,2009,445800000
Asia,,2010,425800000
Asia,,2011,410000000
Asia,,2012,402600000
Asia,,2013,397600000
Asia,,2014,391100000
Asia,,2015,384500000
Asia,,2016,380100000
Asia,,2017,378900000
Azerbaijan,AZE,2001,1400000
Azerbaijan,AZE,2002,1100000
Azerbaijan,AZE,2003,900000
Azerbaijan,AZE,2004,600000
Azerbaijan,AZE,2005,400000
Azerbaijan,AZE,2006,200000
Bangladesh,BGD,2001,20800000
Bangladesh,BGD,2002,20200000
Bangladesh,BGD,2003,20200000
Bangladesh,BGD,2004,19800000
Bangladesh,BGD,2005,19900000
Bangladesh,BGD,2006,19600000
Bangladesh,BGD,2007,19900000
Bangladesh,BGD,2008,19800000
Bangladesh,BGD,2009,20300000
Bangladesh,BGD,2010,20300000
Bangladesh,BGD,2011,20700000
Bangladesh,BGD,2012,20900000
Bangladesh,BGD,2013,21700000
Bangladesh,BGD,2014,22400000
Bangladesh,BGD,2015,23300000
Bangladesh,BGD,2016,22300000
Bangladesh,BGD,2017,21500000
Barbados,BRB,2001,<0.1
Barbados,BRB,2002,<0.1
Barbados,BRB,2003,<0.1
Barbados,BRB,2004,<0.1
Barbados,BRB,2005,<0.1
Barbados,BRB,2006,<0.1
Barbados,BRB,2007,<0.1
Barbados,BRB,2008,<0.1
Barbados,BRB,2009,<0.1
Barbados,BRB,2010,<0.1
Barbados,BRB,2011,<0.1
Barbados,BRB,2012,<0.1
Barbados,BRB,2013,<0.1
Barbados,BRB,2014,<0.1
Barbados,BRB,2015,<0.1
Barbados,BRB,2016,<0.1
Barbados,BRB,2017,<0.1
Belarus,BLR,2002,300000
Belarus,BLR,2003,300000
Belarus,BLR,2004,300000
Belize,BLZ,2001,<0.1
Belize,BLZ,2002,<0.1
Belize,BLZ,2003,<0.1
Belize,BLZ,2004,<0.1
Belize,BLZ,2005,<0.1
Belize,BLZ,2006,<0.1
Belize,BLZ,2007,<0.1
Belize,BLZ,2008,<0.1
Belize,BLZ,2009,<0.1
Belize,BLZ,2010,<0.1
Belize,BLZ,2011,<0.1
Belize,BLZ,2012,<0.1
Belize,BLZ,2013,<0.1
Belize,BLZ,2014,<0.1
Belize,BLZ,2015,<0.1
Belize,BLZ,2016,<0.1
Belize,BLZ,2017,<0.1
Benin,BEN,2001,1200000
Benin,BEN,2002,1100000
Benin,BEN,2003,1000000
Benin,BEN,2004,1000000
Benin,BEN,2005,1000000
Benin,BEN,2006,900000
Benin,BEN,2007,900000
Benin,BEN,2008,800000
Benin,BEN,2009,800000
Benin,BEN,2010,800000
Benin,BEN,2011,800000
Benin,BEN,2012,800000
Benin,BEN,2013,800000
Benin,BEN,2014,800000
Benin,BEN,2015,800000
Benin,BEN,2016,800000
Benin,BEN,2017,800000
Bolivia,BOL,2001,2400000
Bolivia,BOL,2002,2400000
Bolivia,BOL,2003,2500000
Bolivia,BOL,2004,2500000
Bolivia,BOL,2005,2500000
Bolivia,BOL,2006,2300000
Bolivia,BOL,2007,2300000
Bolivia,BOL,2008,2400000
Bolivia,BOL,2009,2500000
Bolivia,BOL,2010,2300000
Bolivia,BOL,2011,2200000
Bolivia,BOL,2012,2000000
Bolivia,BOL,2013,2000000
Bolivia,BOL,2014,1900000
Bolivia,BOL,2015,1800000
Bolivia,BOL,2016,1700000
Bolivia,BOL,2017,1700000
Bosnia and Herzegovina,BIH,2001,100000
Bosnia and Herzegovina,BIH,2002,100000
Bosnia and Herzegovina,BIH,2003,100000
Botswana,BWA,2001,400000
Botswana,BWA,2002,400000
Botswana,BWA,2003,400000
Botswana,BWA,2004,400000
Botswana,BWA,2005,400000
Botswana,BWA,2006,400000
Botswana,BWA,2007,500000
Botswana,BWA,2008,500000
Botswana,BWA,2009,500000
Botswana,BWA,2010,500000
Botswana,BWA,2011,500000
Botswana,BWA,2012,500000
Botswana,BWA,2013,400000
Botswana,BWA,2014,400000
Botswana,BWA,2015,400000
Botswana,BWA,2016,400000
Botswana,BWA,2017,500000
Brazil,BRA,2001,17900000
Brazil,BRA,2002,14600000
Brazil,BRA,2003,11400000
Brazil,BRA,2004,8900000
Brazil,BRA,2005,7700000
Brazil,BRA,2006,6700000
Brazil,BRA,2007,5400000
Brunei,BRN,2001,<0.1
Bulgaria,BGR,2001,300000
Bulgaria,BGR,2002,300000
Bulgaria,BGR,2003,400000
Bulgaria,BGR,2004,400000
Bulgaria,BGR,2005,400000
Bulgaria,BGR,2006,400000
Bulgaria,BGR,2007,400000
Bulgaria,BGR,2008,300000
Bulgaria,BGR,2009,300000
Bulgaria,BGR,2010,300000
Bulgaria,BGR,2011,300000
Bulgaria,BGR,2012,300000
Bulgaria,BGR,2013,300000
Bulgaria,BGR,2014,300000
Bulgaria,BGR,2015,200000
Bulgaria,BGR,2016,200000
Bulgaria,BGR,2017,200000
Burkina Faso,BFA,2001,2900000
Burkina Faso,BFA,2002,3000000
Burkina Faso,BFA,2003,3000000
Burkina Faso,BFA,2004,3100000
Burkina Faso,BFA,2005,3100000
Burkina Faso,BFA,2006,3100000
Burkina Faso,BFA,2007,3100000
Burkina Faso,BFA,2008,3100000
Burkina Faso,BFA,2009,3000000
Burkina Faso,BFA,2010,3000000
Burkina Faso,BFA,2011,3000000
Burkina Faso,BFA,2012,3100000
Burkina Faso,BFA,2013,3100000
Burkina Faso,BFA,2014,3100000
Burkina Faso,BFA,2015,3200000
Burkina Faso,BFA,2016,3400000
Burkina Faso,BFA,2017,3600000
Cambodia,KHM,2001,2900000
Cambodia,KHM,2002,2700000
Cambodia,KHM,2003,2500000
Cambodia,KHM,2004,2400000
Cambodia,KHM,2005,2300000
Cambodia,KHM,2006,2100000
Cambodia,KHM,2007,2000000
Cambodia,KHM,2008,2000000
Cambodia,KHM,2009,2000000
Cambodia,KHM,2010,2000000
Cambodia,KHM,2011,2100000
Cambodia,KHM,2012,2000000
Cambodia,KHM,2013,2100000
Cambodia,KHM,2014,2300000
Cambodia,KHM,2015,2400000
Cambodia,KHM,2016,2400000
Cambodia,KHM,2017,2400000
Cameroon,CMR,2001,3700000
Cameroon,CMR,2002,3400000
Cameroon,CMR,2003,3300000
Cameroon,CMR,2004,3100000
Cameroon,CMR,2005,2900000
Cameroon,CMR,2006,2600000
Cameroon,CMR,2007,2400000
Cameroon,CMR,2008,2200000
Cameroon,CMR,2009,2000000
Cameroon,CMR,2010,1900000
Cameroon,CMR,2011,1700000
Cameroon,CMR,2012,1500000
Cameroon,CMR,2013,1500000
Cameroon,CMR,2014,1500000
Cameroon,CMR,2015,1600000
Cameroon,CMR,2016,1600000
Cameroon,CMR,2017,1600000
Cape Verde,CPV,2001,<0.1
Cape Verde,CPV,2002,<0.1
Cape Verde,CPV,2003,<0.1
Cape Verde,CPV,2004,<0.1
Cape Verde,CPV,2005,<0.1
Cape Verde,CPV,2006,<0.1
Cape Verde,CPV,2007,<0.1
Cape Verde,CPV,2008,<0.1
Cape Verde,CPV,2009,<0.1
Cape Verde,CPV,2010,<0.1
Cape Verde,CPV,2011,<0.1
Cape Verde,CPV,2012,<0.1
Cape Verde,CPV,2013,<0.1
Cape Verde,CPV,2014,<0.1
Cape Verde,CPV,2015,<0.1
Cape Verde,CPV,2016,<0.1
Cape Verde,CPV,2017,<0.1
Caribbean,,2001,8100000
Caribbean,,2002,8500000
Caribbean,,2003,8700000
Caribbean,,2004,8800000
Caribbean,,2005,8400000
Caribbean,,2006,8199999.999999999
Caribbean,,2007,8199999.999999999
Caribbean,,2008,8100000
Caribbean,,2009,7900000
Caribbean,,2010,7600000
Caribbean,,2011,7400000
Caribbean,,2012,7500000
Caribbean,,2013,7500000
Caribbean,,2014,7400000
Caribbean,,2015,7300000
Caribbean,,2016,7300000
Caribbean,,2017,7200000
Central America,,2001,10300000
Central America,,2002,10300000
Central America,,2003,11100000
Central America,,2004,11700000
Central America,,2005,11700000
Central America,,2006,11200000
Central America,,2007,11300000
Central America,,2008,11700000
Central America,,2009,12200000
Central America,,2010,12200000
Central America,,2011,12100000
Central America,,2012,11800000
Central America,,2013,11800000
Central America,,2014,12200000
Central America,,2015,13300000
Central America,,2016,14200000
Central America,,2017,14600000
Central Asia,,2001,7400000
Central Asia,,2002,7800000
Central Asia,,2003,7600000
Central Asia,,2004,7100000
Central Asia,,2005,6500000
Central Asia,,2006,5800000
Central Asia,,2007,5300000
Central Asia,,2008,5100000
Central Asia,,2009,5000000
Central Asia,,2010,4800000
Central Asia,,2011,4500000
Central Asia,,2012,4300000
Central Asia,,2013,3500000
Central Asia,,2014,2800000
Central Asia,,2015,2100000
Central Asia,,2016,2100000
Central Asia,,2017,2100000
Central Asia and Southern Asia,,2001,281600000
Central Asia and Southern Asia,,2002,303800000
Central Asia and Southern Asia,,2003,322200000
Central Asia and Southern Asia,,2004,328500000
Central Asia and Southern Asia,,2005,324500000
Central Asia and Southern Asia,,2006,302700000
Central Asia and Southern Asia,,2007,279700000
Central Asia and Southern Asia,,2008,270200000
Central Asia and Southern Asia,,2009,270000000
Central Asia and Southern Asia,,2010,272000000
Central Asia and Southern Asia,,2011,276300000
Central Asia and Southern Asia,,2012,280700000
Central Asia and Southern Asia,,2013,276100000
Central Asia and Southern Asia,,2014,268300000
Central Asia and Southern Asia,,2015,260399999.99999997
Central Asia and Southern Asia,,2016,257100000.00000003
Central Asia and Southern Asia,,2017,256399999.99999997
Chad,TCD,2001,3400000
Chad,TCD,2002,3400000
Chad,TCD,2003,3600000
Chad,TCD,2004,3600000
Chad,TCD,2005,3800000
Chad,TCD,2006,4000000
Chad,TCD,2007,4300000
Chad,TCD,2008,4500000
Chad,TCD,2009,4700000
Chad,TCD,2010,4800000
Chad,TCD,2011,4800000
Chad,TCD,2012,4900000
Chad,TCD,2013,4900000
Chad,TCD,2014,5000000
Chad,TCD,2015,5000000
Chad,TCD,2016,5300000
Chad,TCD,2017,5700000
Chile,CHL,2001,500000
Chile,CHL,2002,500000
Chile,CHL,2003,500000
Chile,CHL,2004,500000
Chile,CHL,2005,500000
Chile,CHL,2006,500000
Chile,CHL,2007,500000
Chile,CHL,2008,600000
Chile,CHL,2009,600000
Chile,CHL,2010,600000
Chile,CHL,2011,600000
Chile,CHL,2012,600000
Chile,CHL,2013,600000
Chile,CHL,2014,600000
Chile,CHL,2015,600000
Chile,CHL,2016,600000
Chile,CHL,2017,600000
China,CHN,2001,139300000
China,CHN,2002,134199999.99999999
China,CHN,2003,127800000
China,CHN,2004,115800000
China,CHN,2005,106800000
China,CHN,2006,96300000
China,CHN,2007,83200000
China,CHN,2008,69500000
China,CHN,2009,56200000
China,CHN,2010,41200000
Colombia,COL,2001,3500000
Colombia,COL,2002,3700000
Colombia,COL,2003,4099999.9999999995
Colombia,COL,2004,4500000
Colombia,COL,2005,4800000
Colombia,COL,2006,5000000
Colombia,COL,2007,4900000
Colombia,COL,2008,5000000
Colombia,COL,2009,5300000
Colombia,COL,2010,5500000
Colombia,COL,2011,5100000
Colombia,COL,2012,4400000
Colombia,COL,2013,3900000
Colombia,COL,2014,3400000
Colombia,COL,2015,3100000
Colombia,COL,2016,2800000
Colombia,COL,2017,2700000
Congo,COG,2001,900000
Congo,COG,2002,900000
Congo,COG,2003,900000
Congo,COG,2004,1100000
Congo,COG,2005,1200000
Congo,COG,2006,1400000
Congo,COG,2007,1400000
Congo,COG,2008,1400000
Congo,COG,2009,1500000
Congo,COG,2010,1400000
Congo,COG,2011,1400000
Congo,COG,2012,1400000
Congo,COG,2013,1400000
Congo,COG,2014,1200000
Congo,COG,2015,1200000
Congo,COG,2016,1300000
Congo,COG,2017,1400000
Costa Rica,CRI,2001,200000
Costa Rica,CRI,2002,200000
Costa Rica,CRI,2003,200000
Costa Rica,CRI,2004,200000
Costa Rica,CRI,2005,200000
Costa Rica,CRI,2006,200000
Costa Rica,CRI,2007,200000
Costa Rica,CRI,2008,200000
Costa Rica,CRI,2009,200000
Costa Rica,CRI,2010,200000
Costa Rica,CRI,2011,200000
Costa Rica,CRI,2012,200000
Costa Rica,CRI,2013,200000
Costa Rica,CRI,2014,200000
Costa Rica,CRI,2015,200000
Costa Rica,CRI,2016,200000
Costa Rica,CRI,2017,200000
Croatia,HRV,2001,300000
Croatia,HRV,2002,200000
Croatia,HRV,2003,200000
Croatia,HRV,2004,100000
Cyprus,CYP,2001,<0.1
Cyprus,CYP,2002,<0.1
Cyprus,CYP,2003,<0.1
Cyprus,CYP,2004,<0.1
Cyprus,CYP,2005,<0.1
Cyprus,CYP,2006,<0.1
Cyprus,CYP,2007,<0.1
Cyprus,CYP,2008,<0.1
Cyprus,CYP,2009,<0.1
Cyprus,CYP,2010,<0.1
Cyprus,CYP,2011,<0.1
Cyprus,CYP,2012,<0.1
Cyprus,CYP,2013,<0.1
Cyprus,CYP,2014,<0.1
Cyprus,CYP,2015,<0.1
Cyprus,CYP,2016,<0.1
Cyprus,CYP,2017,<0.1
Dominica,DMA,2001,<0.1
Dominica,DMA,2002,<0.1
Dominica,DMA,2003,<0.1
Dominica,DMA,2004,<0.1
Dominica,DMA,2005,<0.1
Dominica,DMA,2006,<0.1
Dominica,DMA,2007,<0.1
Dominica,DMA,2008,<0.1
Dominica,DMA,2009,<0.1
Dominica,DMA,2010,<0.1
Dominica,DMA,2011,<0.1
Dominica,DMA,2012,<0.1
Dominica,DMA,2013,<0.1
Dominica,DMA,2014,<0.1
Dominica,DMA,2015,<0.1
Dominica,DMA,2016,<0.1
Dominica,DMA,2017,<0.1
Dominican Republic,DOM,2001,1800000
Dominican Republic,DOM,2002,2000000
Dominican Republic,DOM,2003,2100000
Dominican Republic,DOM,2004,2100000
Dominican Republic,DOM,2005,1800000
Dominican Republic,DOM,2006,1500000
Dominican Republic,DOM,2007,1500000
Dominican Republic,DOM,2008,1500000
Dominican Republic,DOM,2009,1400000
Dominican Republic,DOM,2010,1200000
Dominican Republic,DOM,2011,1000000
Dominican Republic,DOM,2012,1000000
Dominican Republic,DOM,2013,900000
Dominican Republic,DOM,2014,900000
Dominican Republic,DOM,2015,800000
Dominican Republic,DOM,2016,700000
Dominican Republic,DOM,2017,600000
Eastern Africa,,2001,100200000
Eastern Africa,,2002,101300000
Eastern Africa,,2003,103300000
Eastern Africa,,2004,101400000
Eastern Africa,,2005,98800000
Eastern Africa,,2006,96600000
Eastern Africa,,2007,97900000
Eastern Africa,,2008,98200000
Eastern Africa,,2009,97900000
Eastern Africa,,2010,97000000
Eastern Africa,,2011,97300000
Eastern Africa,,2012,98400000
Eastern Africa,,2013,99400000
Eastern Africa,,2014,101800000
Eastern Africa,,2015,104200000
Eastern Africa,,2016,107900000
Eastern Africa,,2017,110600000
Eastern Asia,,2001,152000000
Eastern Asia,,2002,147100000
Eastern Asia,,2003,140400000
Eastern Asia,,2004,128600000
Eastern Asia,,2005,120000000
Eastern Asia,,2006,110100000
Eastern Asia,,2007,97900000
Eastern Asia,,2008,84900000
Eastern Asia,,2009,72200000
Eastern Asia,,2010,57100000
Eastern Asia,,2011,43600000
Eastern Europe,,2001,9200000
Eastern Europe,,2002,7800000
Ecuador,ECU,2001,2700000
Ecuador,ECU,2002,3000000
Ecuador,ECU,2003,3100000
Ecuador,ECU,2004,3100000
Ecuador,ECU,2005,3100000
Ecuador,ECU,2006,3200000
Ecuador,ECU,2007,3200000
Ecuador,ECU,2008,3100000
Ecuador,ECU,2009,2900000
Ecuador,ECU,2010,2700000
Ecuador,ECU,2011,2700000
Ecuador,ECU,2012,2700000
Ecuador,ECU,2013,2300000
Ecuador,ECU,2014,1900000
Ecuador,ECU,2015,1400000
Ecuador,ECU,2016,1500000
Ecuador,ECU,2017,1500000
Egypt,EGY,2001,3700000
Egypt,EGY,2002,3900000
Egypt,EGY,2003,4400000
Egypt,EGY,2004,4800000
Egypt,EGY,2005,4900000
Egypt,EGY,2006,4700000
Egypt,EGY,2007,4500000
Egypt,EGY,2008,4500000
Egypt,EGY,2009,4500000
Egypt,EGY,2010,4500000
Egypt,EGY,2011,4300000
Egypt,EGY,2012,4500000
Egypt,EGY,2013,4400000
Egypt,EGY,2014,4300000
Egypt,EGY,2015,4200000
Egypt,EGY,2016,4500000
Egypt,EGY,2017,4600000
El Salvador,SLV,2001,400000
El Salvador,SLV,2002,400000
El Salvador,SLV,2003,500000
El Salvador,SLV,2004,500000
El Salvador,SLV,2005,600000
El Salvador,SLV,2006,600000
El Salvador,SLV,2007,600000
El Salvador,SLV,2008,600000
El Salvador,SLV,2009,700000
El Salvador,SLV,2010,700000
El Salvador,SLV,2011,700000
El Salvador,SLV,2012,700000
El Salvador,SLV,2013,700000
El Salvador,SLV,2014,700000
El Salvador,SLV,2015,700000
El Salvador,SLV,2016,600000
El Salvador,SLV,2017,600000
Estonia,EST,2001,<0.1
Estonia,EST,2002,<0.1
Estonia,EST,2003,<0.1
Estonia,EST,2004,<0.1
Eswatini,SWZ,2001,100000
Eswatini,SWZ,2002,100000
Eswatini,SWZ,2003,<0.1
Eswatini,SWZ,2004,<0.1
Eswatini,SWZ,2005,<0.1
Eswatini,SWZ,2006,100000
Eswatini,SWZ,2007,100000
Eswatini,SWZ,2008,100000
Eswatini,SWZ,2009,100000
Eswatini,SWZ,2010,100000
Eswatini,SWZ,2011,<0.1
Eswatini,SWZ,2012,<0.1
Eswatini,SWZ,2013,100000
Eswatini,SWZ,2014,200000
Eswatini,SWZ,2015,200000
Eswatini,SWZ,2016,200000
Eswatini,SWZ,2017,200000
Ethiopia,ETH,2001,32100000
Ethiopia,ETH,2002,31100000
Ethiopia,ETH,2003,30800000
Ethiopia,ETH,2004,29100000
Ethiopia,ETH,2005,28400000
Ethiopia,ETH,2006,28100000
Ethiopia,ETH,2007,28500000
Ethiopia,ETH,2008,28100000
Ethiopia,ETH,2009,27100000
Ethiopia,ETH,2010,26900000
Ethiopia,ETH,2011,27100000
Ethiopia,ETH,2012,27800000
Ethiopia,ETH,2013,26200000
Ethiopia,ETH,2014,24300000
Ethiopia,ETH,2015,21700000
Ethiopia,ETH,2016,21300000
Ethiopia,ETH,2017,21100000
Fiji,FJI,2001,<0.1
Fiji,FJI,2002,<0.1
Fiji,FJI,2003,<0.1
Fiji,FJI,2004,<0.1
Fiji,FJI,2005,<0.1
Fiji,FJI,2006,<0.1
Fiji,FJI,2007,<0.1
Fiji,FJI,2008,<0.1
Fiji,FJI,2009,<0.1
Fiji,FJI,2010,<0.1
Fiji,FJI,2011,<0.1
Fiji,FJI,2012,<0.1
Fiji,FJI,2013,<0.1
Fiji,FJI,2014,<0.1
Fiji,FJI,2015,<0.1
Fiji,FJI,2016,<0.1
Fiji,FJI,2017,<0.1
French Polynesia,PYF,2001,<0.1
French Polynesia,PYF,2002,<0.1
French Polynesia,PYF,2003,<0.1
French Polynesia,PYF,2004,<0.1
French Polynesia,PYF,2005,<0.1
French Polynesia,PYF,2006,<0.1
French Polynesia,PYF,2007,<0.1
French Polynesia,PYF,2008,<0.1
French Polynesia,PYF,2009,<0.1
French Polynesia,PYF,2010,<0.1
French Polynesia,PYF,2011,<0.1
French Polynesia,PYF,2012,<0.1
French Polynesia,PYF,2013,<0.1
French Polynesia,PYF,2014,<0.1
French Polynesia,PYF,2015,<0.1
French Polynesia,PYF,2016,<0.1
French Polynesia,PYF,2017,<0.1
Gabon,GAB,2001,100000
Gabon,GAB,2002,200000
Gabon,GAB,2003,200000
Gabon,GAB,2004,200000
Gabon,GAB,2005,200000
Gabon,GAB,2006,200000
Gabon,GAB,2007,200000
Gabon,GAB,2008,300000
Gabon,GAB,2009,300000
Gabon,GAB,2010,300000
Gabon,GAB,2011,300000
Gabon,GAB,2012,300000
Gabon,GAB,2013,300000
Gabon,GAB,2014,300000
Gabon,GAB,2015,300000
Gabon,GAB,2016,300000
Gabon,GAB,2017,300000
Gambia,GMB,2001,200000
Gambia,GMB,2002,300000
Gambia,GMB,2003,300000
Gambia,GMB,2004,300000
Gambia,GMB,2005,300000
Gambia,GMB,2006,300000
Gambia,GMB,2007,300000
Gambia,GMB,2008,300000
Gambia,GMB,2009,300000
Gambia,GMB,2010,200000
Gambia,GMB,2011,200000
Gambia,GMB,2012,300000
Gambia,GMB,2013,200000
Gambia,GMB,2014,200000
Gambia,GMB,2015,200000
Gambia,GMB,2016,300000
Gambia,GMB,2017,300000
Georgia,GEO,2001,300000
Georgia,GEO,2002,300000
Georgia,GEO,2003,200000
Georgia,GEO,2004,200000
Georgia,GEO,2005,200000
Georgia,GEO,2006,200000
Georgia,GEO,2007,200000
Georgia,GEO,2008,100000
Georgia,GEO,2009,200000
Georgia,GEO,2010,200000
Georgia,GEO,2011,200000
Georgia,GEO,2012,200000
Georgia,GEO,2013,200000
Georgia,GEO,2014,200000
Georgia,GEO,2015,200000
Georgia,GEO,2016,200000
Georgia,GEO,2017,300000
Ghana,GHA,2001,3000000
Ghana,GHA,2002,2800000
Ghana,GHA,2003,2700000
Ghana,GHA,2004,2600000
Ghana,GHA,2005,2500000
Ghana,GHA,2006,2400000
Ghana,GHA,2007,2200000
Ghana,GHA,2008,2000000
Ghana,GHA,2009,1600000
Ghana,GHA,2010,1700000
Ghana,GHA,2011,1700000
Ghana,GHA,2012,1900000
Ghana,GHA,2013,1900000
Ghana,GHA,2014,2100000
Ghana,GHA,2015,2100000
Ghana,GHA,2016,2100000
Ghana,GHA,2017,2000000
Guatemala,GTM,2001,2700000
Guatemala,GTM,2002,2400000
Guatemala,GTM,2003,2400000
Guatemala,GTM,2004,2500000
Guatemala,GTM,2005,2500000
Guatemala,GTM,2006,2400000
Guatemala,GTM,2007,2500000
Guatemala,GTM,2008,2500000
Guatemala,GTM,2009,2600000
Guatemala,GTM,2010,2500000
Guatemala,GTM,2011,2700000
Guatemala,GTM,2012,2800000
Guatemala,GTM,2013,2900000
Guatemala,GTM,2014,2800000
Guatemala,GTM,2015,2800000
Guatemala,GTM,2016,2700000
Guatemala,GTM,2017,2700000
Guyana,GUY,2001,<0.1
Guyana,GUY,2002,<0.1
Guyana,GUY,2003,<0.1
Guyana,GUY,2004,<0.1
Guyana,GUY,2005,<0.1
Guyana,GUY,2006,<0.1
Guyana,GUY,2007,<0.1
Guyana,GUY,2008,<0.1
Guyana,GUY,2009,<0.1
Guyana,GUY,2010,<0.1
Guyana,GUY,2011,<0.1
Guyana,GUY,2012,<0.1
Guyana,GUY,2013,<0.1
Guyana,GUY,2014,<0.1
Guyana,GUY,2015,<0.1
Guyana,GUY,2016,<0.1
Guyana,GUY,2017,<0.1
Haiti,HTI,2001,4600000
Haiti,HTI,2002,4800000
Haiti,HTI,2003,4900000
Haiti,HTI,2004,5000000
Haiti,HTI,2005,5100000
Haiti,HTI,2006,5100000
Haiti,HTI,2007,5000000
Haiti,HTI,2008,5000000
Haiti,HTI,2009,4800000
Haiti,HTI,2010,4800000
Haiti,HTI,2011,4900000
Haiti,HTI,2012,5100000
Haiti,HTI,2013,5100000
Haiti,HTI,2014,5100000
Haiti,HTI,2015,5100000
Haiti,HTI,2016,5200000
Haiti,HTI,2017,5300000
Honduras,HND,2001,1500000
Honduras,HND,2002,1500000
Honduras,HND,2003,1500000
Honduras,HND,2004,1600000
Honduras,HND,2005,1700000
Honduras,HND,2006,1700000
Honduras,HND,2007,1700000
Honduras,HND,2008,1700000
Honduras,HND,2009,1700000
Honduras,HND,2010,1800000
Honduras,HND,2011,1800000
Honduras,HND,2012,1800000
Honduras,HND,2013,1700000
Honduras,HND,2014,1500000
Honduras,HND,2015,1400000
Honduras,HND,2016,1300000
Honduras,HND,2017,1300000
India,IND,2001,199600000
India,IND,2002,220700000
India,IND,2003,240700000
India,IND,2004,251100000
India,IND,2005,249400000
India,IND,2006,230300000
India,IND,2007,208700000
India,IND,2008,200600000
India,IND,2009,199600000
India,IND,2010,200900000
India,IND,2011,203600000
India,IND,2012,206400000
India,IND,2013,203800000
India,IND,2014,198300000
India,IND,2015,193100000
India,IND,2016,190900000
India,IND,2017,190100000
Indonesia,IDN,2001,41300000
Indonesia,IDN,2002,41800000
Indonesia,IDN,2003,41800000
Indonesia,IDN,2004,42700000
Indonesia,IDN,2005,43700000
Indonesia,IDN,2006,43700000
Indonesia,IDN,2007,43100000
Indonesia,IDN,2008,41100000
Indonesia,IDN,2009,36900000
Indonesia,IDN,2010,31200000
Indonesia,IDN,2011,25800000
Indonesia,IDN,2012,23100000
Indonesia,IDN,2013,22400000
Indonesia,IDN,2014,23600000
Indonesia,IDN,2015,24000000
Indonesia,IDN,2016,24000000
Indonesia,IDN,2017,23600000
Iran,IRN,2001,3200000
Iran,IRN,2002,3400000
Iran,IRN,2003,3400000
Iran,IRN,2004,3400000
Iran,IRN,2005,3600000
Iran,IRN,2006,3900000
Iran,IRN,2007,4099999.9999999995
Iran,IRN,2008,4000000
Iran,IRN,2009,3800000
Iran,IRN,2010,3600000
Iran,IRN,2011,3600000
Iran,IRN,2012,3600000
Iran,IRN,2013,3600000
Iran,IRN,2014,3700000
Iran,IRN,2015,3900000
Iran,IRN,2016,3900000
Iran,IRN,2017,3900000
Iraq,IRQ,2001,5500000
Iraq,IRQ,2002,5700000
Iraq,IRQ,2003,6000000
Iraq,IRQ,2004,6300000
Iraq,IRQ,2005,6400000
Iraq,IRQ,2006,6900000
Iraq,IRQ,2007,7200000
Iraq,IRQ,2008,7100000
Iraq,IRQ,2009,6800000
Iraq,IRQ,2010,6500000
Iraq,IRQ,2011,6600000
Iraq,IRQ,2012,7000000
Iraq,IRQ,2013,7300000
Iraq,IRQ,2014,7800000
Iraq,IRQ,2015,8400000
Iraq,IRQ,2016,8800000
Iraq,IRQ,2017,9000000
Jamaica,JAM,2001,200000
Jamaica,JAM,2002,200000
Jamaica,JAM,2003,200000
Jamaica,JAM,2004,200000
Jamaica,JAM,2005,200000
Jamaica,JAM,2006,200000
Jamaica,JAM,2007,200000
Jamaica,JAM,2008,300000
Jamaica,JAM,2009,300000
Jamaica,JAM,2010,300000
Jamaica,JAM,2011,300000
Jamaica,JAM,2012,300000
Jamaica,JAM,2013,300000
Jamaica,JAM,2014,300000
Jamaica,JAM,2015,300000
Jamaica,JAM,2016,300000
Jamaica,JAM,2017,300000
Japan,JPN,2009,3400000
Japan,JPN,2010,3500000
Jordan,JOR,2001,500000
Jordan,JOR,2002,400000
Jordan,JOR,2003,400000
Jordan,JOR,2004,300000
Jordan,JOR,2005,300000
Jordan,JOR,2006,300000
Jordan,JOR,2007,400000
Jordan,JOR,2008,400000
Jordan,JOR,2009,500000
Jordan,JOR,2010,500000
Jordan,JOR,2011,600000
Jordan,JOR,2012,700000
Jordan,JOR,2013,800000
Jordan,JOR,2014,800000
Jordan,JOR,2015,800000
Jordan,JOR,2016,800000
Jordan,JOR,2017,800000
Kazakhstan,KAZ,2001,1000000
Kazakhstan,KAZ,2002,1000000
Kazakhstan,KAZ,2003,1100000
Kazakhstan,KAZ,2004,1100000
Kazakhstan,KAZ,2005,1100000
Kazakhstan,KAZ,2006,1000000
Kazakhstan,KAZ,2007,800000
Kazakhstan,KAZ,2008,700000
Kazakhstan,KAZ,2009,600000
Kazakhstan,KAZ,2010,600000
Kazakhstan,KAZ,2011,500000
Kazakhstan,KAZ,2012,500000
Kazakhstan,KAZ,2013,500000
Kenya,KEN,2001,10600000
Kenya,KEN,2002,11400000
Kenya,KEN,2003,12200000
Kenya,KEN,2004,11500000
Kenya,KEN,2005,10500000
Kenya,KEN,2006,9900000
Kenya,KEN,2007,10500000
Kenya,KEN,2008,10700000
Kenya,KEN,2009,10600000
Kenya,KEN,2010,10300000
Kenya,KEN,2011,10400000
Kenya,KEN,2012,10300000
Kenya,KEN,2013,10100000
Kenya,KEN,2014,10000000
Kenya,KEN,2015,10700000
Kenya,KEN,2016,11500000
Kenya,KEN,2017,11900000
Kiribati,KIR,2001,<0.1
Kiribati,KIR,2002,<0.1
Kiribati,KIR,2003,<0.1
Kiribati,KIR,2004,<0.1
Kiribati,KIR,2005,<0.1
Kiribati,KIR,2006,<0.1
Kiribati,KIR,2007,<0.1
Kiribati,KIR,2008,<0.1
Kiribati,KIR,2009,<0.1
Kiribati,KIR,2010,<0.1
Kiribati,KIR,2011,<0.1
Kiribati,KIR,2012,<0.1
Kiribati,KIR,2013,<0.1
Kiribati,KIR,2014,<0.1
Kiribati,KIR,2015,<0.1
Kiribati,KIR,2016,<0.1
Kiribati,KIR,2017,<0.1
Kuwait,KWT,2001,<0.1
Kyrgyzstan,KGZ,2001,800000
Kyrgyzstan,KGZ,2002,700000
Kyrgyzstan,KGZ,2003,600000
Kyrgyzstan,KGZ,2004,500000
Kyrgyzstan,KGZ,2005,500000
Kyrgyzstan,KGZ,2006,500000
Kyrgyzstan,KGZ,2007,500000
Kyrgyzstan,KGZ,2008,500000
Kyrgyzstan,KGZ,2009,500000
Kyrgyzstan,KGZ,2010,500000
Kyrgyzstan,KGZ,2011,500000
Kyrgyzstan,KGZ,2012,500000
Kyrgyzstan,KGZ,2013,400000
Kyrgyzstan,KGZ,2014,400000
Kyrgyzstan,KGZ,2015,400000
Kyrgyzstan,KGZ,2016,400000
Kyrgyzstan,KGZ,2017,400000
Land Locked Developing Countries,,2001,107300000
Land Locked Developing Countries,,2002,106000000
Land Locked Developing Countries,,2003,105300000
Land Locked Developing Countries,,2004,102100000
Land Locked Developing Countries,,2005,99800000
Land Locked Developing Countries,,2006,97000000
Land Locked Developing Countries,,2007,96000000
Land Locked Developing Countries,,2008,94300000
Land Locked Developing Countries,,2009,92600000
Land Locked Developing Countries,,2010,91500000
Land Locked Developing Countries,,2011,91500000
Land Locked Developing Countries,,2012,93100000
Land Locked Developing Countries,,2013,92300000
Land Locked Developing Countries,,2014,92600000
Land Locked Developing Countries,,2015,92300000
Land Locked Developing Countries,,2016,95200000
Land Locked Developing Countries,,2017,98200000
Latin America and the Caribbean,,2001,57000000
Latin America and the Caribbean,,2002,55300000
Latin America and the Caribbean,,2003,54000000
Latin America and the Caribbean,,2004,51000000
Latin America and the Caribbean,,2005,48500000
Latin America and the Caribbean,,2006,45600000
Latin America and the Caribbean,,2007,43000000
Latin America and the Caribbean,,2008,41900000
Latin America and the Caribbean,,2009,40800000
Latin America and the Caribbean,,2010,39700000
Latin America and the Caribbean,,2011,38300000
Latin America and the Caribbean,,2012,37000000
Latin America and the Caribbean,,2013,35900000
Latin America and the Caribbean,,2014,36400000
Latin America and the Caribbean,,2015,38500000
Latin America and the Caribbean,,2016,41500000
Latin America and the Caribbean,,2017,44100000
Latvia,LVA,2001,100000
Latvia,LVA,2002,<0.1
Latvia,LVA,2003,<0.1
Least Developed Countries,,2001,217200000
Least Developed Countries,,2002,215400000
Least Developed Countries,,2003,215000000
Least Developed Countries,,2004,212300000
Least Developed Countries,,2005,209400000
Least Developed Countries,,2006,205000000
Least Developed Countries,,2007,203100000
Least Developed Countries,,2008,200300000
Least Developed Countries,,2009,199000000
Least Developed Countries,,2010,197900000
Least Developed Countries,,2011,198800000
Least Developed Countries,,2012,201500000
Least Developed Countries,,2013,203600000
Least Developed Countries,,2014,209000000
Least Developed Countries,,2015,214200000
Least Developed Countries,,2016,220500000
Least Developed Countries,,2017,226000000
Lebanon,LBN,2001,300000
Lebanon,LBN,2002,400000
Lebanon,LBN,2003,400000
Lebanon,LBN,2004,500000
Lebanon,LBN,2005,500000
Lebanon,LBN,2006,500000
Lebanon,LBN,2007,500000
Lebanon,LBN,2008,500000
Lebanon,LBN,2009,500000
Lebanon,LBN,2010,500000
Lebanon,LBN,2011,600000
Lebanon,LBN,2012,800000
Lebanon,LBN,2013,700000
Lebanon,LBN,2014,600000
Lebanon,LBN,2015,400000
Lebanon,LBN,2016,400000
Lebanon,LBN,2017,400000
Lesotho,LSO,2001,400000
Lesotho,LSO,2002,400000
Lesotho,LSO,2003,300000
Lesotho,LSO,2004,300000
Lesotho,LSO,2005,300000
Lesotho,LSO,2006,300000
Lesotho,LSO,2007,200000
Lesotho,LSO,2008,200000
Lesotho,LSO,2009,200000
Lesotho,LSO,2010,200000
Lesotho,LSO,2011,200000
Lesotho,LSO,2012,200000
Lesotho,LSO,2013,300000
Lesotho,LSO,2014,500000
Lesotho,LSO,2015,800000
Lesotho,LSO,2016,800000
Lesotho,LSO,2017,800000
Liberia,LBR,2001,1100000
Liberia,LBR,2002,1200000
Liberia,LBR,2003,1200000
Liberia,LBR,2004,1100000
Liberia,LBR,2005,1200000
Liberia,LBR,2006,1200000
Liberia,LBR,2007,1200000
Liberia,LBR,2008,1200000
Liberia,LBR,2009,1200000
Liberia,LBR,2010,1300000
Liberia,LBR,2011,1300000
Liberia,LBR,2012,1400000
Liberia,LBR,2013,1500000
Liberia,LBR,2014,1600000
Liberia,LBR,2015,1700000
Liberia,LBR,2016,1800000
Liberia,LBR,2017,1800000
Low Income Food Deficit Countries,,2001,441900000
Low Income Food Deficit Countries,,2002,462300000
Low Income Food Deficit Countries,,2003,482000000
Low Income Food Deficit Countries,,2004,489400000
Low Income Food Deficit Countries,,2005,484800000
Low Income Food Deficit Countries,,2006,462700000
Low Income Food Deficit Countries,,2007,441200000
Low Income Food Deficit Countries,,2008,431400000
Low Income Food Deficit Countries,,2009,429600000
Low Income Food Deficit Countries,,2010,429500000
Low Income Food Deficit Countries,,2011,433000000
Low Income Food Deficit Countries,,2012,438200000
Low Income Food Deficit Countries,,2013,437600000
Low Income Food Deficit Countries,,2014,437200000
Low Income Food Deficit Countries,,2015,437900000
Low Income Food Deficit Countries,,2016,442500000
Low Income Food Deficit Countries,,2017,447200000
Low income,,2001,162900000
Low income,,2002,163700000
Low income,,2003,164000000
Low income,,2004,163100000
Low income,,2005,162100000
Low income,,2006,160900000
Low income,,2007,161700000
Low income,,2008,161200000
Low income,,2009,160900000
Low income,,2010,160100000
Low income,,2011,161100000
Low income,,2012,164300000
Low income,,2013,167300000
Low income,,2014,173200000
Low income,,2015,178300000
Low income,,2016,185400000
Low income,,2017,191200000
Lower-middle income,,2001,430600000
Lower-middle income,,2002,451000000
Lower-middle income,,2003,468100000
Lower-middle income,,2004,472900000
Lower-middle income,,2005,465600000
Lower-middle income,,2006,440100000
Lower-middle income,,2007,414000000
Lower-middle income,,2008,402200000
Lower-middle income,,2009,397500000
Lower-middle income,,2010,394000000
Lower-middle income,,2011,392600000
Lower-middle income,,2012,393700000
Lower-middle income,,2013,390100000
Lower-middle income,,2014,385300000
Lower-middle income,,2015,381200000
Lower-middle income,,2016,380000000
Lower-middle income,,2017,380100000
Macao,MAC,2001,<0.1
Macao,MAC,2002,<0.1
Macao,MAC,2003,<0.1
Macao,MAC,2004,<0.1
Macao,MAC,2005,<0.1
Macao,MAC,2006,<0.1
Macao,MAC,2007,<0.1
Macao,MAC,2008,<0.1
Macao,MAC,2009,<0.1
Macao,MAC,2010,<0.1
Macao,MAC,2011,<0.1
Macao,MAC,2012,<0.1
Macao,MAC,2013,<0.1
Macao,MAC,2014,<0.1
Macao,MAC,2015,<0.1
Macao,MAC,2016,<0.1
Macao,MAC,2017,<0.1
Madagascar,MDG,2001,5500000
Madagascar,MDG,2002,5900000
Madagascar,MDG,2003,6300000
Madagascar,MDG,2004,6300000
Madagascar,MDG,2005,6100000
Madagascar,MDG,2006,5900000
Madagascar,MDG,2007,6000000
Madagascar,MDG,2008,6100000
Madagascar,MDG,2009,6300000
Madagascar,MDG,2010,6300000
Madagascar,MDG,2011,6600000
Madagascar,MDG,2012,6900000
Madagascar,MDG,2013,7600000
Madagascar,MDG,2014,8700000
Madagascar,MDG,2015,9700000
Madagascar,MDG,2016,10300000
Madagascar,MDG,2017,10500000
Malawi,MWI,2001,2700000
Malawi,MWI,2002,2800000
Malawi,MWI,2003,3000000
Malawi,MWI,2004,3000000
Malawi,MWI,2005,2800000
Malawi,MWI,2006,2700000
Malawi,MWI,2007,2500000
Malawi,MWI,2008,2500000
Malawi,MWI,2009,2500000
Malawi,MWI,2010,2500000
Malawi,MWI,2011,2600000
Malawi,MWI,2012,2600000
Malawi,MWI,2013,2700000
Malawi,MWI,2014,2700000
Malawi,MWI,2015,2900000
Malawi,MWI,2016,2900000
Malawi,MWI,2017,3300000
Malaysia,MYS,2001,600000
Malaysia,MYS,2002,700000
Malaysia,MYS,2003,700000
Malaysia,MYS,2004,800000
Malaysia,MYS,2005,900000
Malaysia,MYS,2006,900000
Malaysia,MYS,2007,1000000
Malaysia,MYS,2008,1000000
Malaysia,MYS,2009,1000000
Malaysia,MYS,2010,900000
Malaysia,MYS,2011,900000
Malaysia,MYS,2012,800000
Malaysia,MYS,2013,1000000
Malaysia,MYS,2014,1100000
Malaysia,MYS,2015,1200000
Malaysia,MYS,2016,1100000
Malaysia,MYS,2017,1000000
Mali,MLI,2001,1800000
Mali,MLI,2002,1800000
Mali,MLI,2003,1800000
Mali,MLI,2004,1800000
Mali,MLI,2005,1700000
Mali,MLI,2006,1600000
Mali,MLI,2007,1400000
Mali,MLI,2008,1300000
Mali,MLI,2009,1300000
Mali,MLI,2010,1300000
Mali,MLI,2011,1300000
Mali,MLI,2012,1300000
Mali,MLI,2013,1100000
Mali,MLI,2014,1000000
Mali,MLI,2015,900000
Mali,MLI,2016,900000
Mali,MLI,2017,1000000
Mauritania,MRT,2001,200000
Mauritania,MRT,2002,200000
Mauritania,MRT,2003,200000
Mauritania,MRT,2004,300000
Mauritania,MRT,2005,300000
Mauritania,MRT,2006,300000
Mauritania,MRT,2007,300000
Mauritania,MRT,2008,200000
Mauritania,MRT,2009,200000
Mauritania,MRT,2010,300000
Mauritania,MRT,2011,300000
Mauritania,MRT,2012,300000
Mauritania,MRT,2013,300000
Mauritania,MRT,2014,300000
Mauritania,MRT,2015,400000
Mauritania,MRT,2016,500000
Mauritania,MRT,2017,500000
Mauritius,MUS,2001,<0.1
Mauritius,MUS,2002,<0.1
Mauritius,MUS,2003,<0.1
Mauritius,MUS,2004,<0.1
Mauritius,MUS,2005,<0.1
Mauritius,MUS,2006,<0.1
Mauritius,MUS,2007,<0.1
Mauritius,MUS,2008,<0.1
Mauritius,MUS,2009,<0.1
Mauritius,MUS,2010,<0.1
Mauritius,MUS,2011,<0.1
Mauritius,MUS,2012,<0.1
Mauritius,MUS,2013,<0.1
Mauritius,MUS,2014,<0.1
Mauritius,MUS,2015,<0.1
Mauritius,MUS,2016,<0.1
Mauritius,MUS,2017,<0.1
Mexico,MEX,2001,3300000
Mexico,MEX,2002,3800000
Mexico,MEX,2003,4400000
Mexico,MEX,2004,4800000
Mexico,MEX,2005,4700000
Mexico,MEX,2006,4500000
Mexico,MEX,2007,4500000
Mexico,MEX,2008,5000000
Mexico,MEX,2009,5400000
Mexico,MEX,2010,5400000
Mexico,MEX,2011,5300000
Mexico,MEX,2012,5000000
Mexico,MEX,2013,4900000
Mexico,MEX,2014,5500000
Mexico,MEX,2015,6800000
Mexico,MEX,2016,7900000
Mexico,MEX,2017,8400000
Middle Africa,,2001,39700000
Middle Africa,,2002,39500000
Middle Africa,,2003,39900000
Middle Africa,,2004,40000000
Middle Africa,,2005,40000000
Middle Africa,,2006,39700000
Middle Africa,,2007,39800000
Middle Africa,,2008,39800000
Middle Africa,,2009,39900000
Middle Africa,,2010,39800000
Middle Africa,,2011,40100000
Middle Africa,,2012,40500000
Middle Africa,,2013,40700000
Middle Africa,,2014,41600000
Middle Africa,,2015,43100000
Middle Africa,,2016,45500000
Middle Africa,,2017,47300000
Mongolia,MNG,2001,800000
Mongolia,MNG,2002,700000
Mongolia,MNG,2003,800000
Mongolia,MNG,2004,800000
Mongolia,MNG,2005,700000
Mongolia,MNG,2006,700000
Mongolia,MNG,2007,700000
Mongolia,MNG,2008,600000
Mongolia,MNG,2009,600000
Mongolia,MNG,2010,500000
Mongolia,MNG,2011,500000
Mongolia,MNG,2012,500000
Mongolia,MNG,2013,500000
Mongolia,MNG,2014,600000
Mongolia,MNG,2015,600000
Mongolia,MNG,2016,600000
Mongolia,MNG,2017,600000
Morocco,MAR,2001,1900000
Morocco,MAR,2002,1800000
Morocco,MAR,2003,1700000
Morocco,MAR,2004,1700000
Morocco,MAR,2005,1700000
Morocco,MAR,2006,1800000
Morocco,MAR,2007,1700000
Morocco,MAR,2008,1800000
Morocco,MAR,2009,1800000
Morocco,MAR,2010,1800000
Morocco,MAR,2011,1700000
Morocco,MAR,2012,1600000
Morocco,MAR,2013,1500000
Morocco,MAR,2014,1400000
Morocco,MAR,2015,1300000
Morocco,MAR,2016,1300000
Morocco,MAR,2017,1400000
Mozambique,MOZ,2001,6700000
Mozambique,MOZ,2002,6600000
Mozambique,MOZ,2003,6600000
Mozambique,MOZ,2004,6800000
Mozambique,MOZ,2005,6800000
Mozambique,MOZ,2006,6900000
Mozambique,MOZ,2007,6500000
Mozambique,MOZ,2008,6400000
Mozambique,MOZ,2009,5900000
Mozambique,MOZ,2010,5700000
Mozambique,MOZ,2011,5300000
Mozambique,MOZ,2012,5300000
Mozambique,MOZ,2013,5900000
Mozambique,MOZ,2014,7000000
Mozambique,MOZ,2015,8400000
Mozambique,MOZ,2016,9200000
Mozambique,MOZ,2017,9400000
Myanmar,MMR,2001,17800000
Myanmar,MMR,2002,16600000.000000002
Myanmar,MMR,2003,15600000
Myanmar,MMR,2004,14700000
Myanmar,MMR,2005,13700000
Myanmar,MMR,2006,12300000
Myanmar,MMR,2007,10600000
Myanmar,MMR,2008,9300000
Myanmar,MMR,2009,8000000
Myanmar,MMR,2010,7200000
Myanmar,MMR,2011,6500000
Myanmar,MMR,2012,6200000
Myanmar,MMR,2013,6700000
Myanmar,MMR,2014,7100000
Myanmar,MMR,2015,7300000
Myanmar,MMR,2016,7200000
Myanmar,MMR,2017,7300000
Namibia,NAM,2001,200000
Namibia,NAM,2002,300000
Namibia,NAM,2003,300000
Namibia,NAM,2004,300000
Namibia,NAM,2005,300000
Namibia,NAM,2006,300000
Namibia,NAM,2007,400000
Namibia,NAM,2008,500000
Namibia,NAM,2009,600000
Namibia,NAM,2010,600000
Namibia,NAM,2011,600000
Namibia,NAM,2012,500000
Namibia,NAM,2013,500000
Namibia,NAM,2014,400000
Namibia,NAM,2015,300000
Namibia,NAM,2016,300000
Namibia,NAM,2017,300000
Nepal,NPL,2001,5700000
Nepal,NPL,2002,5400000
Nepal,NPL,2003,5000000
Nepal,NPL,2004,4500000
Nepal,NPL,2005,4300000
Nepal,NPL,2006,4200000
Nepal,NPL,2007,4000000
Nepal,NPL,2008,3500000
Nepal,NPL,2009,3100000
Nepal,NPL,2010,2700000
Nepal,NPL,2011,2300000
Nepal,NPL,2012,1900000
Nepal,NPL,2013,1800000
Nepal,NPL,2014,1700000
Nepal,NPL,2015,1700000
Nepal,NPL,2016,1600000
Nepal,NPL,2017,1700000
New Caledonia,NCL,2001,<0.1
New Caledonia,NCL,2002,<0.1
New Caledonia,NCL,2003,<0.1
New Caledonia,NCL,2004,<0.1
New Caledonia,NCL,2005,<0.1
New Caledonia,NCL,2006,<0.1
New Caledonia,NCL,2007,<0.1
New Caledonia,NCL,2008,<0.1
New Caledonia,NCL,2009,<0.1
New Caledonia,NCL,2010,<0.1
New Caledonia,NCL,2011,<0.1
New Caledonia,NCL,2012,<0.1
New Caledonia,NCL,2013,<0.1
New Caledonia,NCL,2014,<0.1
New Caledonia,NCL,2015,<0.1
New Caledonia,NCL,2016,<0.1
New Caledonia,NCL,2017,<0.1
Nicaragua,NIC,2001,1400000
Nicaragua,NIC,2002,1300000
Nicaragua,NIC,2003,1300000
Nicaragua,NIC,2004,1300000
Nicaragua,NIC,2005,1300000
Nicaragua,NIC,2006,1200000
Nicaragua,NIC,2007,1200000
Nicaragua,NIC,2008,1200000
Nicaragua,NIC,2009,1200000
Nicaragua,NIC,2010,1200000
Nicaragua,NIC,2011,1100000
Nicaragua,NIC,2012,1100000
Nicaragua,NIC,2013,1100000
Nicaragua,NIC,2014,1200000
Nicaragua,NIC,2015,1200000
Nicaragua,NIC,2016,1100000
Nicaragua,NIC,2017,1100000
Nigeria,NGA,2001,11400000
Nigeria,NGA,2002,11700000
Nigeria,NGA,2003,11700000
Nigeria,NGA,2004,11100000
Nigeria,NGA,2005,10300000
Nigeria,NGA,2006,10000000
Nigeria,NGA,2007,10100000
Nigeria,NGA,2008,10800000
Nigeria,NGA,2009,11200000
Nigeria,NGA,2010,11700000
Nigeria,NGA,2011,12300000
Nigeria,NGA,2012,12700000
Nigeria,NGA,2013,14700000
Nigeria,NGA,2014,17400000
Nigeria,NGA,2015,20200000
Nigeria,NGA,2016,22200000
Nigeria,NGA,2017,22800000
North Korea,PRK,2001,8300000.000000001
North Korea,PRK,2002,8100000
North Korea,PRK,2003,7600000
North Korea,PRK,2004,7700000
North Korea,PRK,2005,8100000
North Korea,PRK,2006,8700000
North Korea,PRK,2007,9300000
North Korea,PRK,2008,9700000
North Korea,PRK,2009,9900000
North Korea,PRK,2010,10000000
North Korea,PRK,2011,10000000
North Korea,PRK,2012,10100000
North Korea,PRK,2013,10300000
North Korea,PRK,2014,10800000
North Korea,PRK,2015,11200000
North Korea,PRK,2016,11600000
North Korea,PRK,2017,12000000
North Macedonia,MKD,2001,200000
North Macedonia,MKD,2002,200000
North Macedonia,MKD,2003,100000
North Macedonia,MKD,2004,100000
North Macedonia,MKD,2005,100000
North Macedonia,MKD,2006,<0.1
North Macedonia,MKD,2007,<0.1
North Macedonia,MKD,2008,<0.1
North Macedonia,MKD,2009,<0.1
North Macedonia,MKD,2010,<0.1
North Macedonia,MKD,2011,<0.1
North Macedonia,MKD,2012,<0.1
North Macedonia,MKD,2013,<0.1
North Macedonia,MKD,2014,<0.1
North Macedonia,MKD,2015,<0.1
North Macedonia,MKD,2016,<0.1
North Macedonia,MKD,2017,<0.1
Northern Africa,,2001,16700000
Northern Africa,,2002,16600000.000000002
Northern Africa,,2003,17200000
Northern Africa,,2004,17900000
Northern Africa,,2005,18000000
Northern Africa,,2006,17700000
Northern Africa,,2007,17300000
Northern Africa,,2008,17400000
Northern Africa,,2009,17600000
Northern Africa,,2010,17900000
Northern Africa,,2011,17400000
Northern Africa,,2012,17000000
Northern Africa,,2013,15500000
Northern Africa,,2014,14600000
Northern Africa,,2015,13900000
Northern Africa,,2016,14600000
Northern Africa,,2017,15000000
Oceania,,2001,1800000
Oceania,,2002,1800000
Oceania,,2003,1800000
Oceania,,2004,1900000
Oceania,,2005,1800000
Oceania,,2006,1800000
Oceania,,2007,1800000
Oceania,,2008,1900000
Oceania,,2009,1900000
Oceania,,2010,2000000
Oceania,,2011,2100000
Oceania,,2012,2100000
Oceania,,2013,2100000
Oceania,,2014,2100000
Oceania,,2015,2200000
Oceania,,2016,2300000
Oceania,,2017,2400000
Oman,OMN,2001,300000
Oman,OMN,2002,300000
Oman,OMN,2003,300000
Oman,OMN,2004,200000
Oman,OMN,2005,200000
Oman,OMN,2006,300000
Oman,OMN,2007,300000
Oman,OMN,2008,300000
Oman,OMN,2009,300000
Oman,OMN,2010,300000
Oman,OMN,2011,300000
Oman,OMN,2012,300000
Oman,OMN,2013,300000
Oman,OMN,2014,300000
Oman,OMN,2015,300000
Oman,OMN,2016,400000
Oman,OMN,2017,400000
Pakistan,PAK,2001,31000000
Pakistan,PAK,2002,32700000.000000004
Pakistan,PAK,2003,32299999.999999996
Pakistan,PAK,2004,30000000
Pakistan,PAK,2005,28400000
Pakistan,PAK,2006,27100000
Pakistan,PAK,2007,26800000
Pakistan,PAK,2008,27400000
Pakistan,PAK,2009,28800000
Pakistan,PAK,2010,30400000
Pakistan,PAK,2011,31900000
Pakistan,PAK,2012,33200000.000000004
Pakistan,PAK,2013,31100000
Pakistan,PAK,2014,28500000
Pakistan,PAK,2015,25400000
Pakistan,PAK,2016,24600000
Pakistan,PAK,2017,24800000
Panama,PAN,2001,800000
Panama,PAN,2002,700000
Panama,PAN,2003,700000
Panama,PAN,2004,700000
Panama,PAN,2005,700000
Panama,PAN,2006,600000
Panama,PAN,2007,600000
Panama,PAN,2008,500000
Panama,PAN,2009,500000
Panama,PAN,2010,400000
Panama,PAN,2011,400000
Panama,PAN,2012,300000
Panama,PAN,2013,300000
Panama,PAN,2014,300000
Panama,PAN,2015,300000
Panama,PAN,2016,300000
Panama,PAN,2017,300000
Paraguay,PRY,2001,600000
Paraguay,PRY,2002,500000
Paraguay,PRY,2003,500000
Paraguay,PRY,2004,500000
Paraguay,PRY,2005,600000
Paraguay,PRY,2006,600000
Paraguay,PRY,2007,600000
Paraguay,PRY,2008,600000
Paraguay,PRY,2009,600000
Paraguay,PRY,2010,500000
Paraguay,PRY,2011,500000
Paraguay,PRY,2012,500000
Paraguay,PRY,2013,500000
Paraguay,PRY,2014,500000
Paraguay,PRY,2015,500000
Paraguay,PRY,2016,600000
Paraguay,PRY,2017,600000
Peru,PER,2001,5800000
Peru,PER,2002,6200000
Peru,PER,2003,6400000
Peru,PER,2004,6000000
Peru,PER,2005,5300000
Peru,PER,2006,4500000
Peru,PER,2007,3900000
Peru,PER,2008,3300000
Peru,PER,2009,2800000
Peru,PER,2010,2400000
Peru,PER,2011,2000000
Peru,PER,2012,1700000
Peru,PER,2013,1700000
Peru,PER,2014,1800000
Peru,PER,2015,2000000
Peru,PER,2016,2100000
Peru,PER,2017,2200000
Philippines,PHL,2001,15000000
Philippines,PHL,2002,15000000
Philippines,PHL,2003,14300000
Philippines,PHL,2004,13800000
Philippines,PHL,2005,13000000
Philippines,PHL,2006,12400000
Philippines,PHL,2007,11800000
Philippines,PHL,2008,11500000
Philippines,PHL,2009,11800000
Philippines,PHL,2010,12300000
Philippines,PHL,2011,12700000
Philippines,PHL,2012,13100000
Philippines,PHL,2013,14500000
Philippines,PHL,2014,15400000
Philippines,PHL,2015,16500000
Philippines,PHL,2016,15800000
Philippines,PHL,2017,15700000
Russia,RUS,2001,6000000
Russia,RUS,2002,4800000
Russia,RUS,2003,4099999.9999999995
Rwanda,RWA,2001,3200000
Rwanda,RWA,2002,3000000
Rwanda,RWA,2003,2900000
Rwanda,RWA,2004,3100000
Rwanda,RWA,2005,3100000
Rwanda,RWA,2006,3000000
Rwanda,RWA,2007,2900000
Rwanda,RWA,2008,2700000
Rwanda,RWA,2009,2500000
Rwanda,RWA,2010,2400000
Rwanda,RWA,2011,2300000
Rwanda,RWA,2012,2300000
Rwanda,RWA,2013,2800000
Rwanda,RWA,2014,3300000
Rwanda,RWA,2015,3900000
Rwanda,RWA,2016,4099999.9999999995
Rwanda,RWA,2017,4200000
Saint Vincent and the Grenadines,VCT,2001,<0.1
Saint Vincent and the Grenadines,VCT,2002,<0.1
Saint Vincent and the Grenadines,VCT,2003,<0.1
Saint Vincent and the Grenadines,VCT,2004,<0.1
Saint Vincent and the Grenadines,VCT,2005,<0.1
Saint Vincent and the Grenadines,VCT,2006,<0.1
Saint Vincent and the Grenadines,VCT,2007,<0.1
Saint Vincent and the Grenadines,VCT,2008,<0.1
Saint Vincent and the Grenadines,VCT,2009,<0.1
Saint Vincent and the Grenadines,VCT,2010,<0.1
Saint Vincent and the Grenadines,VCT,2011,<0.1
Saint Vincent and the Grenadines,VCT,2012,<0.1
Saint Vincent and the Grenadines,VCT,2013,<0.1
Saint Vincent and the Grenadines,VCT,2014,<0.1
Saint Vincent and the Grenadines,VCT,2015,<0.1
Saint Vincent and the Grenadines,VCT,2016,<0.1
Saint Vincent and the Grenadines,VCT,2017,<0.1
Samoa,WSM,2001,<0.1
Samoa,WSM,2002,<0.1
Samoa,WSM,2003,<0.1
Samoa,WSM,2004,<0.1
Samoa,WSM,2005,<0.1
Samoa,WSM,2006,<0.1
Samoa,WSM,2007,<0.1
Samoa,WSM,2008,<0.1
Samoa,WSM,2009,<0.1
Samoa,WSM,2010,<0.1
Samoa,WSM,2011,<0.1
Samoa,WSM,2012,<0.1
Samoa,WSM,2014,<0.1
Sao Tome and Principe,STP,2001,<0.1
Sao Tome and Principe,STP,2002,<0.1
Sao Tome and Principe,STP,2003,<0.1
Sao Tome and Principe,STP,2004,<0.1
Sao Tome and Principe,STP,2005,<0.1
Sao Tome and Principe,STP,2006,<0.1
Sao Tome and Principe,STP,2007,<0.1
Sao Tome and Principe,STP,2008,<0.1
Sao Tome and Principe,STP,2009,<0.1
Sao Tome and Principe,STP,2010,<0.1
Sao Tome and Principe,STP,2011,<0.1
Sao Tome and Principe,STP,2012,<0.1
Sao Tome and Principe,STP,2013,<0.1
Sao Tome and Principe,STP,2014,<0.1
Sao Tome and Principe,STP,2015,<0.1
Sao Tome and Principe,STP,2016,<0.1
Sao Tome and Principe,STP,2017,<0.1
Saudi Arabia,SAU,2001,1100000
Saudi Arabia,SAU,2002,1100000
Saudi Arabia,SAU,2003,1200000
Saudi Arabia,SAU,2004,1200000
Saudi Arabia,SAU,2005,1100000
Saudi Arabia,SAU,2006,1100000
Saudi Arabia,SAU,2007,1200000
Saudi Arabia,SAU,2008,1400000
Saudi Arabia,SAU,2009,1500000
Saudi Arabia,SAU,2010,1600000
Saudi Arabia,SAU,2011,1500000
Saudi Arabia,SAU,2012,1600000
Saudi Arabia,SAU,2013,1500000
Saudi Arabia,SAU,2014,1500000
Saudi Arabia,SAU,2015,1500000
Saudi Arabia,SAU,2016,1500000
Saudi Arabia,SAU,2017,1600000
Senegal,SEN,2001,2400000
Senegal,SEN,2002,2400000
Senegal,SEN,2003,2200000
Senegal,SEN,2004,2100000
Senegal,SEN,2005,1900000
Senegal,SEN,2006,1800000
Senegal,SEN,2007,1500000
Senegal,SEN,2008,1300000
Senegal,SEN,2009,1200000
Senegal,SEN,2010,1200000
Senegal,SEN,2011,1200000
Senegal,SEN,2012,1200000
Senegal,SEN,2013,1400000
Senegal,SEN,2014,1600000
Senegal,SEN,2015,1700000
Senegal,SEN,2016,1500000
Senegal,SEN,2017,1500000
Serbia,SRB,2011,200000
Serbia,SRB,2012,200000
Serbia,SRB,2013,300000
Serbia,SRB,2014,300000
Serbia,SRB,2015,400000
Serbia,SRB,2016,400000
Serbia,SRB,2017,400000
Sierra Leone,SLE,2001,2400000
Sierra Leone,SLE,2002,2500000
Sierra Leone,SLE,2003,2600000
Sierra Leone,SLE,2004,2700000
Sierra Leone,SLE,2005,2600000
Sierra Leone,SLE,2006,2500000
Sierra Leone,SLE,2007,2500000
Sierra Leone,SLE,2008,2500000
Sierra Leone,SLE,2009,2500000
Sierra Leone,SLE,2010,2400000
Sierra Leone,SLE,2011,2400000
Sierra Leone,SLE,2012,2300000
Sierra Leone,SLE,2013,2200000
Sierra Leone,SLE,2014,2100000
Sierra Leone,SLE,2015,2000000
Sierra Leone,SLE,2016,2000000
Sierra Leone,SLE,2017,2000000
Slovakia,SVK,2001,300000
Slovakia,SVK,2002,300000
Slovakia,SVK,2003,300000
Slovakia,SVK,2004,300000
Slovakia,SVK,2005,300000
Slovakia,SVK,2006,300000
Slovakia,SVK,2007,300000
Slovakia,SVK,2008,300000
Slovakia,SVK,2009,200000
Slovakia,SVK,2010,200000
Slovakia,SVK,2011,200000
Slovakia,SVK,2012,200000
Slovakia,SVK,2013,200000
Slovakia,SVK,2014,300000
Slovakia,SVK,2015,300000
Slovakia,SVK,2016,400000
Slovakia,SVK,2017,300000
Small Island Developing States,,2001,11000000
Small Island Developing States,,2002,11400000
Small Island Developing States,,2003,11600000
Small Island Developing States,,2004,11700000
Small Island Developing States,,2005,11300000
Small Island Developing States,,2006,11000000
Small Island Developing States,,2007,11000000
Small Island Developing States,,2008,11000000
Small Island Developing States,,2009,10800000
Small Island Developing States,,2010,10600000
Small Island Developing States,,2011,10500000
Small Island Developing States,,2012,10700000
Small Island Developing States,,2013,10600000
Small Island Developing States,,2014,10600000
Small Island Developing States,,2015,10600000
Small Island Developing States,,2016,10800000
Small Island Developing States,,2017,10900000
Solomon Islands,SLB,2001,<0.1
Solomon Islands,SLB,2002,<0.1
Solomon Islands,SLB,2003,<0.1
Solomon Islands,SLB,2004,<0.1
Solomon Islands,SLB,2005,<0.1
Solomon Islands,SLB,2006,<0.1
Solomon Islands,SLB,2007,<0.1
Solomon Islands,SLB,2008,<0.1
Solomon Islands,SLB,2009,<0.1
Solomon Islands,SLB,2010,<0.1
Solomon Islands,SLB,2011,<0.1
Solomon Islands,SLB,2012,<0.1
Solomon Islands,SLB,2013,<0.1
Solomon Islands,SLB,2014,<0.1
Solomon Islands,SLB,2015,<0.1
Solomon Islands,SLB,2016,<0.1
Solomon Islands,SLB,2017,<0.1
South Africa,ZAF,2001,1800000
South Africa,ZAF,2002,1700000
South Africa,ZAF,2003,1700000
South Africa,ZAF,2004,1600000
South Africa,ZAF,2005,1700000
South Africa,ZAF,2006,1700000
South Africa,ZAF,2007,1800000
South Africa,ZAF,2008,1800000
South Africa,ZAF,2009,1800000
South Africa,ZAF,2010,1800000
South Africa,ZAF,2011,1800000
South Africa,ZAF,2012,2000000
South Africa,ZAF,2013,2200000
South Africa,ZAF,2014,2500000
South Africa,ZAF,2015,2800000
South Africa,ZAF,2016,3000000
South Africa,ZAF,2017,3100000
South America,,2001,38600000
South America,,2002,36500000
South America,,2003,34200000
South America,,2004,30500000
South America,,2005,28400000
South America,,2006,26200000
South America,,2007,23600000
South America,,2008,22100000
South America,,2009,20700000
South America,,2010,19900000
South America,,2011,18700000
South America,,2012,17600000
South America,,2013,16700000
South America,,2014,16700000
South America,,2015,17900000
South America,,2016,20100000
South America,,2017,22300000
South Korea,KOR,2002,1300000
South Korea,KOR,2003,1300000
South Korea,KOR,2004,1300000
South Korea,KOR,2005,1200000
South-eastern Asia,,2001,106500000
South-eastern Asia,,2002,103900000
South-eastern Asia,,2003,100000000
South-eastern Asia,,2004,98100000
South-eastern Asia,,2005,96000000
South-eastern Asia,,2006,93000000
South-eastern Asia,,2007,88900000
South-eastern Asia,,2008,84600000
South-eastern Asia,,2009,78600000
South-eastern Asia,,2010,71900000
South-eastern Asia,,2011,65099999.99999999
South-eastern Asia,,2012,61800000
South-eastern Asia,,2013,62800000
South-eastern Asia,,2014,64900000.00000001
South-eastern Asia,,2015,66200000
South-eastern Asia,,2016,64700000
South-eastern Asia,,2017,63800000
Southern Africa,,2001,3000000
Southern Africa,,2002,2900000
Southern Africa,,2003,2800000
Southern Africa,,2004,2700000
Southern Africa,,2005,2700000
Southern Africa,,2006,2900000
Southern Africa,,2007,3000000
Southern Africa,,2008,3200000
Southern Africa,,2009,3200000
Southern Africa,,2010,3300000
Southern Africa,,2011,3200000
Southern Africa,,2012,3400000
Southern Africa,,2013,3600000
Southern Africa,,2014,3900000
Southern Africa,,2015,4500000
Southern Africa,,2016,4700000
Southern Africa,,2017,4900000
Southern Asia,,2001,274200000
Southern Asia,,2002,296100000
Southern Asia,,2003,314600000
Southern Asia,,2004,321500000
Southern Asia,,2005,318000000
Southern Asia,,2006,296900000
Southern Asia,,2007,274400000
Southern Asia,,2008,265100000.00000003
Southern Asia,,2009,264899999.99999997
Southern Asia,,2010,267200000
Southern Asia,,2011,271800000
Southern Asia,,2012,276400000
Southern Asia,,2013,272600000
Southern Asia,,2014,265500000
Southern Asia,,2015,258300000
Southern Asia,,2016,255000000
Southern Asia,,2017,254300000
Sri Lanka,LKA,2001,3200000
Sri Lanka,LKA,2002,3100000
Sri Lanka,LKA,2003,3100000
Sri Lanka,LKA,2004,3000000
Sri Lanka,LKA,2005,2900000
Sri Lanka,LKA,2006,2800000
Sri Lanka,LKA,2007,2600000
Sri Lanka,LKA,2008,2400000
Sri Lanka,LKA,2009,2200000
Sri Lanka,LKA,2010,2100000
Sri Lanka,LKA,2011,2000000
Sri Lanka,LKA,2012,1800000
Sri Lanka,LKA,2013,1800000
Sri Lanka,LKA,2014,1800000
Sri Lanka,LKA,2015,1800000
Sri Lanka,LKA,2016,1700000
Sri Lanka,LKA,2017,1600000
Sub-Saharan Africa,,2001,181000000
Sub-Saharan Africa,,2002,182300000
Sub-Saharan Africa,,2003,184800000
Sub-Saharan Africa,,2004,182200000
Sub-Saharan Africa,,2005,178500000
Sub-Saharan Africa,,2006,175400000
Sub-Saharan Africa,,2007,176600000
Sub-Saharan Africa,,2008,177500000
Sub-Saharan Africa,,2009,177700000
Sub-Saharan Africa,,2010,177300000
Sub-Saharan Africa,,2011,178800000
Sub-Saharan Africa,,2012,181200000
Sub-Saharan Africa,,2013,185300000
Sub-Saharan Africa,,2014,192500000
Sub-Saharan Africa,,2015,200800000
Sub-Saharan Africa,,2016,209900000
Sub-Saharan Africa,,2017,216200000
Sudan,SDN,2001,6100000
Sudan,SDN,2002,6000000
Sudan,SDN,2003,6300000
Sudan,SDN,2004,6500000
Sudan,SDN,2005,6600000
Sudan,SDN,2006,6500000
Sudan,SDN,2007,6500000
Sudan,SDN,2008,6700000
Sudan,SDN,2009,7000000
Sudan,SDN,2010,7500000
Sudan,SDN,2011,7500000
Sudan,SDN,2012,7200000
Sudan,SDN,2013,5900000
Sudan,SDN,2014,5100000
Sudan,SDN,2015,4400000
Sudan,SDN,2016,4800000
Sudan,SDN,2017,5000000
Suriname,SUR,2001,<0.1
Suriname,SUR,2002,<0.1
Suriname,SUR,2003,<0.1
Suriname,SUR,2004,<0.1
Suriname,SUR,2005,<0.1
Suriname,SUR,2006,<0.1
Suriname,SUR,2007,<0.1
Suriname,SUR,2008,<0.1
Suriname,SUR,2009,<0.1
Suriname,SUR,2010,<0.1
Suriname,SUR,2011,<0.1
Suriname,SUR,2012,<0.1
Suriname,SUR,2013,<0.1
Suriname,SUR,2014,<0.1
Suriname,SUR,2015,<0.1
Suriname,SUR,2016,<0.1
Suriname,SUR,2017,<0.1
Taiwan,TWN,2001,800000
Taiwan,TWN,2002,900000
Taiwan,TWN,2003,900000
Taiwan,TWN,2004,900000
Taiwan,TWN,2005,1000000
Taiwan,TWN,2006,1000000
Taiwan,TWN,2007,1100000
Taiwan,TWN,2008,1100000
Taiwan,TWN,2009,1100000
Taiwan,TWN,2010,1100000
Taiwan,TWN,2011,1000000
Taiwan,TWN,2012,1000000
Taiwan,TWN,2013,900000
Taiwan,TWN,2014,900000
Taiwan,TWN,2015,900000
Taiwan,TWN,2016,900000
Taiwan,TWN,2017,900000
Tanzania,TZA,2001,11400000
Tanzania,TZA,2002,12100000
Tanzania,TZA,2003,12300000
Tanzania,TZA,2004,12600000
Tanzania,TZA,2005,12200000
Tanzania,TZA,2006,12000000
Tanzania,TZA,2007,12400000
Tanzania,TZA,2008,12900000
Tanzania,TZA,2009,14000000
Tanzania,TZA,2010,14000000
Tanzania,TZA,2011,14000000
Tanzania,TZA,2012,13700000
Tanzania,TZA,2013,13500000
Tanzania,TZA,2014,13200000
Tanzania,TZA,2015,12800000
Tanzania,TZA,2016,13000000
Tanzania,TZA,2017,13400000
Thailand,THA,2001,11000000
Thailand,THA,2002,10500000
Thailand,THA,2003,9700000
Thailand,THA,2004,8900000
Thailand,THA,2005,7800000
Thailand,THA,2006,7000000
Thailand,THA,2007,6800000
Thailand,THA,2008,7100000
Thailand,THA,2009,7100000
Thailand,THA,2010,7100000
Thailand,THA,2011,6700000
Thailand,THA,2012,6400000
Thailand,THA,2013,6200000
Thailand,THA,2014,6000000
Thailand,THA,2015,5900000
Thailand,THA,2016,6000000
Thailand,THA,2017,6200000
Timor,TLS,2001,400000
Timor,TLS,2002,300000
Timor,TLS,2003,300000
Timor,TLS,2004,300000
Timor,TLS,2005,300000
Timor,TLS,2006,300000
Timor,TLS,2007,300000
Timor,TLS,2008,300000
Timor,TLS,2009,400000
Timor,TLS,2010,400000
Timor,TLS,2011,300000
Timor,TLS,2012,400000
Timor,TLS,2013,400000
Timor,TLS,2014,400000
Timor,TLS,2015,400000
Timor,TLS,2016,400000
Timor,TLS,2017,400000
Togo,TGO,2001,1600000
Togo,TGO,2002,1600000
Togo,TGO,2003,1600000
Togo,TGO,2004,1600000
Togo,TGO,2005,1600000
Togo,TGO,2006,1600000
Togo,TGO,2007,1600000
Togo,TGO,2008,1600000
Togo,TGO,2009,1500000
Togo,TGO,2010,1500000
Togo,TGO,2011,1500000
Togo,TGO,2012,1500000
Togo,TGO,2013,1500000
Togo,TGO,2014,1500000
Togo,TGO,2015,1600000
Togo,TGO,2016,1600000
Togo,TGO,2017,1600000
Trinidad and Tobago,TTO,2001,100000
Trinidad and Tobago,TTO,2002,100000
Trinidad and Tobago,TTO,2003,100000
Trinidad and Tobago,TTO,2004,100000
Trinidad and Tobago,TTO,2005,100000
Trinidad and Tobago,TTO,2006,100000
Trinidad and Tobago,TTO,2007,100000
Trinidad and Tobago,TTO,2008,100000
Trinidad and Tobago,TTO,2009,100000
Trinidad and Tobago,TTO,2010,100000
Trinidad and Tobago,TTO,2011,100000
Trinidad and Tobago,TTO,2012,<0.1
Trinidad and Tobago,TTO,2013,<0.1
Trinidad and Tobago,TTO,2014,<0.1
Trinidad and Tobago,TTO,2015,<0.1
Trinidad and Tobago,TTO,2016,<0.1
Trinidad and Tobago,TTO,2017,<0.1
Tunisia,TUN,2001,400000
Tunisia,TUN,2002,400000
Tunisia,TUN,2003,400000
Tunisia,TUN,2004,400000
Tunisia,TUN,2005,400000
Tunisia,TUN,2006,400000
Tunisia,TUN,2007,400000
Tunisia,TUN,2008,400000
Tunisia,TUN,2009,400000
Tunisia,TUN,2010,400000
Tunisia,TUN,2011,400000
Tunisia,TUN,2012,300000
Tunisia,TUN,2013,300000
Tunisia,TUN,2014,300000
Turkmenistan,TKM,2001,300000
Turkmenistan,TKM,2002,300000
Turkmenistan,TKM,2003,200000
Turkmenistan,TKM,2004,200000
Turkmenistan,TKM,2005,200000
Turkmenistan,TKM,2006,200000
Turkmenistan,TKM,2007,200000
Turkmenistan,TKM,2008,200000
Turkmenistan,TKM,2009,200000
Turkmenistan,TKM,2010,200000
Turkmenistan,TKM,2011,300000
Turkmenistan,TKM,2012,300000
Turkmenistan,TKM,2013,300000
Turkmenistan,TKM,2014,200000
Turkmenistan,TKM,2015,200000
Turkmenistan,TKM,2016,200000
Turkmenistan,TKM,2017,200000
Ukraine,UKR,2001,1500000
Ukraine,UKR,2015,1300000
Ukraine,UKR,2017,1500000
United Arab Emirates,ARE,2001,100000
United Arab Emirates,ARE,2002,200000
United Arab Emirates,ARE,2003,200000
United Arab Emirates,ARE,2004,300000
United Arab Emirates,ARE,2005,400000
United Arab Emirates,ARE,2006,500000
United Arab Emirates,ARE,2007,600000
United Arab Emirates,ARE,2008,600000
United Arab Emirates,ARE,2009,600000
United Arab Emirates,ARE,2010,500000
United Arab Emirates,ARE,2011,500000
United Arab Emirates,ARE,2012,400000
United Arab Emirates,ARE,2013,300000
United Arab Emirates,ARE,2014,300000
United Arab Emirates,ARE,2015,300000
United Arab Emirates,ARE,2016,300000
United Arab Emirates,ARE,2017,300000
Uruguay,URY,2001,100000
Uruguay,URY,2002,100000
Uruguay,URY,2003,100000
Uruguay,URY,2004,100000
Uruguay,URY,2005,100000
Uruguay,URY,2006,100000
Uruguay,URY,2007,100000
Uruguay,URY,2008,<0.1
Uzbekistan,UZB,2001,4500000
Uzbekistan,UZB,2002,4900000
Uzbekistan,UZB,2003,4800000
Uzbekistan,UZB,2004,4400000
Uzbekistan,UZB,2005,3900000
Uzbekistan,UZB,2006,3400000
Uzbekistan,UZB,2007,3200000
Uzbekistan,UZB,2008,3100000
Uzbekistan,UZB,2009,3100000
Uzbekistan,UZB,2010,3000000
Uzbekistan,UZB,2011,2700000
Uzbekistan,UZB,2012,2600000
Uzbekistan,UZB,2013,2000000
Uzbekistan,UZB,2014,1400000
Uzbekistan,UZB,2015,900000
Uzbekistan,UZB,2016,900000
Uzbekistan,UZB,2017,900000
Vanuatu,VUT,2001,<0.1
Vanuatu,VUT,2002,<0.1
Vanuatu,VUT,2003,<0.1
Vanuatu,VUT,2004,<0.1
Vanuatu,VUT,2005,<0.1
Vanuatu,VUT,2006,<0.1
Vanuatu,VUT,2007,<0.1
Vanuatu,VUT,2008,<0.1
Vanuatu,VUT,2009,<0.1
Vanuatu,VUT,2010,<0.1
Vanuatu,VUT,2011,<0.1
Vanuatu,VUT,2012,<0.1
Vanuatu,VUT,2013,<0.1
Vanuatu,VUT,2014,<0.1
Vanuatu,VUT,2015,<0.1
Vanuatu,VUT,2016,<0.1
Vanuatu,VUT,2017,<0.1
Venezuela,VEN,2001,3700000
Venezuela,VEN,2002,3800000
Venezuela,VEN,2003,3800000
Venezuela,VEN,2004,2600000
Venezuela,VEN,2005,2200000
Venezuela,VEN,2006,1900000
Venezuela,VEN,2007,1300000
Venezuela,VEN,2008,800000
Venezuela,VEN,2011,700000
Venezuela,VEN,2012,1000000
Venezuela,VEN,2013,1400000
Venezuela,VEN,2014,2600000
Venezuela,VEN,2015,4200000
Venezuela,VEN,2016,6200000
Venezuela,VEN,2017,8000000
Vietnam,VNM,2001,16000000
Vietnam,VNM,2002,14700000
Vietnam,VNM,2003,13500000
Vietnam,VNM,2004,13100000
Vietnam,VNM,2005,13100000
Vietnam,VNM,2006,13000000
Vietnam,VNM,2007,12100000
Vietnam,VNM,2008,11200000
Vietnam,VNM,2009,10400000
Vietnam,VNM,2010,9800000
Vietnam,VNM,2011,9400000
Vietnam,VNM,2012,9100000
Vietnam,VNM,2013,8900000
Vietnam,VNM,2014,8300000.000000001
Vietnam,VNM,2015,7600000
Vietnam,VNM,2016,7100000
Vietnam,VNM,2017,6500000
Western Africa,,2001,38200000
Western Africa,,2002,38700000
Western Africa,,2003,38700000
Western Africa,,2004,38100000
Western Africa,,2005,37000000
Western Africa,,2006,36200000
Western Africa,,2007,35900000
Western Africa,,2008,36300000
Western Africa,,2009,36600000
Western Africa,,2010,37300000
Western Africa,,2011,38100000
Western Africa,,2012,38900000
Western Africa,,2013,41600000
Western Africa,,2014,45100000
Western Africa,,2015,49100000
Western Africa,,2016,51900000
Western Africa,,2017,53400000
Western Asia,,2001,24400000
Western Asia,,2002,24300000
Western Asia,,2003,23800000
Western Asia,,2004,23900000
Western Asia,,2005,24000000
Western Asia,,2006,24700000
Western Asia,,2007,25200000
Western Asia,,2008,25300000
Western Asia,,2009,25000000
Western Asia,,2010,24800000
Western Asia,,2011,25100000
Western Asia,,2012,26100000
Western Asia,,2013,26300000
Western Asia,,2014,26900000
Western Asia,,2015,27600000
Western Asia,,2016,28800000
Western Asia,,2017,29700000
Western Asia and Northern Africa,,2001,41100000
Western Asia and Northern Africa,,2002,40900000
Western Asia and Northern Africa,,2003,41000000
Western Asia and Northern Africa,,2004,41800000
Western Asia and Northern Africa,,2005,42000000
Western Asia and Northern Africa,,2006,42300000
Western Asia and Northern Africa,,2007,42500000
Western Asia and Northern Africa,,2008,42700000
Western Asia and Northern Africa,,2009,42600000
Western Asia and Northern Africa,,2010,42700000
Western Asia and Northern Africa,,2011,42500000
Western Asia and Northern Africa,,2012,43100000
Western Asia and Northern Africa,,2013,41800000
Western Asia and Northern Africa,,2014,41500000
Western Asia and Northern Africa,,2015,41400000
Western Asia and Northern Africa,,2016,43300000
Western Asia and Northern Africa,,2017,44700000
World,OWID_WRL,2001,833200000
World,OWID_WRL,2002,846000000
World,OWID_WRL,2003,854000000
World,OWID_WRL,2004,841200000
World,OWID_WRL,2005,819300000
World,OWID_WRL,2006,778200000
World,OWID_WRL,2007,737100000
World,OWID_WRL,2008,710200000
World,OWID_WRL,2009,690400000
World,OWID_WRL,2010,669200000
World,OWID_WRL,2011,653000000
World,OWID_WRL,2012,646100000
World,OWID_WRL,2013,642900000
World,OWID_WRL,2014,643300000
World,OWID_WRL,2015,646600000
World,OWID_WRL,2016,654700000
World,OWID_WRL,2017,663000000